item,choices,itemID,complexity_category,lang
cockadoodledoo,produces/does not produce,item_1,,eng
grr,produces/does not produce,item_2,,eng
meow,produces/does not produce,item_3,,eng
moo,produces/does not produce,item_4,,eng
ouch,produces/does not produce,item_5,,eng
quack quack,produces/does not produce,item_6,,eng
uh oh,produces/does not produce,item_7,,eng
vroom,produces/does not produce,item_8,,eng
woof woof,produces/does not produce,item_9,,eng
yum yum,produces/does not produce,item_10,,eng
alligator,produces/does not produce,item_11,,eng
animal,produces/does not produce,item_12,,eng
ant,produces/does not produce,item_13,,eng
bear,produces/does not produce,item_14,,eng
bee,produces/does not produce,item_15,,eng
bird,produces/does not produce,item_16,,eng
bug,produces/does not produce,item_17,,eng
bunny,produces/does not produce,item_18,,eng
butterfly,produces/does not produce,item_19,,eng
cat,produces/does not produce,item_20,,eng
chicken,produces/does not produce,item_21,,eng
cow,produces/does not produce,item_22,,eng
deer,produces/does not produce,item_23,,eng
dog,produces/does not produce,item_24,,eng
donkey,produces/does not produce,item_25,,eng
duck,produces/does not produce,item_26,,eng
elephant,produces/does not produce,item_27,,eng
fish,produces/does not produce,item_28,,eng
frog,produces/does not produce,item_29,,eng
giraffe,produces/does not produce,item_30,,eng
goose,produces/does not produce,item_31,,eng
hen,produces/does not produce,item_32,,eng
horse,produces/does not produce,item_33,,eng
kitty,produces/does not produce,item_34,,eng
lamb,produces/does not produce,item_35,,eng
lion,produces/does not produce,item_36,,eng
monkey,produces/does not produce,item_37,,eng
moose,produces/does not produce,item_38,,eng
mouse,produces/does not produce,item_39,,eng
owl,produces/does not produce,item_40,,eng
penguin,produces/does not produce,item_41,,eng
pig,produces/does not produce,item_42,,eng
pony,produces/does not produce,item_43,,eng
puppy,produces/does not produce,item_44,,eng
rooster,produces/does not produce,item_45,,eng
sheep,produces/does not produce,item_46,,eng
squirrel,produces/does not produce,item_47,,eng
teddybear,produces/does not produce,item_48,,eng
tiger,produces/does not produce,item_49,,eng
turkey,produces/does not produce,item_50,,eng
turtle,produces/does not produce,item_51,,eng
wolf,produces/does not produce,item_52,,eng
zebra,produces/does not produce,item_53,,eng
airplane,produces/does not produce,item_54,,eng
bicycle,produces/does not produce,item_55,,eng
boat,produces/does not produce,item_56,,eng
bus,produces/does not produce,item_57,,eng
car,produces/does not produce,item_58,,eng
firetruck,produces/does not produce,item_59,,eng
helicopter,produces/does not produce,item_60,,eng
motorcycle,produces/does not produce,item_61,,eng
sled,produces/does not produce,item_62,,eng
stroller,produces/does not produce,item_63,,eng
tractor,produces/does not produce,item_64,,eng
train,produces/does not produce,item_65,,eng
tricycle,produces/does not produce,item_66,,eng
truck,produces/does not produce,item_67,,eng
ball,produces/does not produce,item_68,,eng
balloon,produces/does not produce,item_69,,eng
bat,produces/does not produce,item_70,,eng
block,produces/does not produce,item_71,,eng
book,produces/does not produce,item_72,,eng
bubbles,produces/does not produce,item_73,,eng
chalk,produces/does not produce,item_74,,eng
crayon,produces/does not produce,item_75,,eng
doll,produces/does not produce,item_76,,eng
game,produces/does not produce,item_77,,eng
glue,produces/does not produce,item_78,,eng
pen,produces/does not produce,item_79,,eng
pencil,produces/does not produce,item_80,,eng
play dough,produces/does not produce,item_81,,eng
present,produces/does not produce,item_82,,eng
puzzle,produces/does not produce,item_83,,eng
story,produces/does not produce,item_84,,eng
toy,produces/does not produce,item_85,,eng
apple,produces/does not produce,item_86,,eng
applesauce,produces/does not produce,item_87,,eng
banana,produces/does not produce,item_88,,eng
beans,produces/does not produce,item_89,,eng
bread,produces/does not produce,item_90,,eng
butter,produces/does not produce,item_91,,eng
cake,produces/does not produce,item_92,,eng
candy,produces/does not produce,item_93,,eng
carrots,produces/does not produce,item_94,,eng
cereal,produces/does not produce,item_95,,eng
cheerios,produces/does not produce,item_96,,eng
cheese,produces/does not produce,item_97,,eng
chicken.1,produces/does not produce,item_98,,eng
chocolate,produces/does not produce,item_99,,eng
coffee,produces/does not produce,item_100,,eng
coke,produces/does not produce,item_101,,eng
cookie,produces/does not produce,item_102,,eng
corn,produces/does not produce,item_103,,eng
cracker,produces/does not produce,item_104,,eng
donut,produces/does not produce,item_105,,eng
drink,produces/does not produce,item_106,,eng
egg,produces/does not produce,item_107,,eng
fish.1,produces/does not produce,item_108,,eng
food,produces/does not produce,item_109,,eng
french fries,produces/does not produce,item_110,,eng
grapes,produces/does not produce,item_111,,eng
green beans,produces/does not produce,item_112,,eng
gum,produces/does not produce,item_113,,eng
hamburger,produces/does not produce,item_114,,eng
ice,produces/does not produce,item_115,,eng
ice cream,produces/does not produce,item_116,,eng
jello,produces/does not produce,item_117,,eng
jelly,produces/does not produce,item_118,,eng
juice,produces/does not produce,item_119,,eng
lolipop,produces/does not produce,item_120,,eng
meat,produces/does not produce,item_121,,eng
melon,produces/does not produce,item_122,,eng
milk,produces/does not produce,item_123,,eng
muffin,produces/does not produce,item_124,,eng
noodles,produces/does not produce,item_125,,eng
nuts,produces/does not produce,item_126,,eng
orange,produces/does not produce,item_127,,eng
pancake,produces/does not produce,item_128,,eng
peanut butter,produces/does not produce,item_129,,eng
peas,produces/does not produce,item_130,,eng
pickle,produces/does not produce,item_131,,eng
pizza,produces/does not produce,item_132,,eng
popcorn,produces/does not produce,item_133,,eng
popsicle,produces/does not produce,item_134,,eng
potato,produces/does not produce,item_135,,eng
potato chip,produces/does not produce,item_136,,eng
pretzel,produces/does not produce,item_137,,eng
pudding,produces/does not produce,item_138,,eng
pumpkin,produces/does not produce,item_139,,eng
raisin,produces/does not produce,item_140,,eng
salt,produces/does not produce,item_141,,eng
sandwich,produces/does not produce,item_142,,eng
sauce,produces/does not produce,item_143,,eng
soda/pop,produces/does not produce,item_144,,eng
soup,produces/does not produce,item_145,,eng
spaghetti,produces/does not produce,item_146,,eng
strawberry,produces/does not produce,item_147,,eng
toast,produces/does not produce,item_148,,eng
tuna,produces/does not produce,item_149,,eng
vanilla,produces/does not produce,item_150,,eng
vitamines,produces/does not produce,item_151,,eng
water ,produces/does not produce,item_152,,eng
yogurt,produces/does not produce,item_153,,eng
beads,produces/does not produce,item_154,,eng
belt,produces/does not produce,item_155,,eng
bib,produces/does not produce,item_156,,eng
boots,produces/does not produce,item_157,,eng
button,produces/does not produce,item_158,,eng
coat,produces/does not produce,item_159,,eng
diaper,produces/does not produce,item_160,,eng
dress,produces/does not produce,item_161,,eng
gloves,produces/does not produce,item_162,,eng
hat,produces/does not produce,item_163,,eng
jacket,produces/does not produce,item_164,,eng
jeans,produces/does not produce,item_165,,eng
mittens,produces/does not produce,item_166,,eng
necklace,produces/does not produce,item_167,,eng
pajamas,produces/does not produce,item_168,,eng
pants,produces/does not produce,item_169,,eng
scarf,produces/does not produce,item_170,,eng
shirt,produces/does not produce,item_171,,eng
shoe,produces/does not produce,item_172,,eng
shorts,produces/does not produce,item_173,,eng
slipper,produces/does not produce,item_174,,eng
sneaker,produces/does not produce,item_175,,eng
snowsuit,produces/does not produce,item_176,,eng
sock,produces/does not produce,item_177,,eng
sweater,produces/does not produce,item_178,,eng
tights,produces/does not produce,item_179,,eng
underpants,produces/does not produce,item_180,,eng
zipper,produces/does not produce,item_181,,eng
ankle,produces/does not produce,item_182,,eng
arm,produces/does not produce,item_183,,eng
belly button,produces/does not produce,item_184,,eng
buttocks/bottom,produces/does not produce,item_185,,eng
cheek,produces/does not produce,item_186,,eng
chin,produces/does not produce,item_187,,eng
ear,produces/does not produce,item_188,,eng
eye,produces/does not produce,item_189,,eng
face,produces/does not produce,item_190,,eng
feet,produces/does not produce,item_191,,eng
finger,produces/does not produce,item_192,,eng
hair,produces/does not produce,item_193,,eng
hand,produces/does not produce,item_194,,eng
head,produces/does not produce,item_195,,eng
knee,produces/does not produce,item_196,,eng
leg,produces/does not produce,item_197,,eng
lips,produces/does not produce,item_198,,eng
mouth,produces/does not produce,item_199,,eng
nose,produces/does not produce,item_200,,eng
owie/boo boo,produces/does not produce,item_201,,eng
penis,produces/does not produce,item_202,,eng
shoulder,produces/does not produce,item_203,,eng
tooth,produces/does not produce,item_204,,eng
toe,produces/does not produce,item_205,,eng
tongue,produces/does not produce,item_206,,eng
tummy,produces/does not produce,item_207,,eng
vagina,produces/does not produce,item_208,,eng
basket,produces/does not produce,item_209,,eng
blanket,produces/does not produce,item_210,,eng
bottle,produces/does not produce,item_211,,eng
box,produces/does not produce,item_212,,eng
bowl,produces/does not produce,item_213,,eng
broom,produces/does not produce,item_214,,eng
brush ,produces/does not produce,item_215,,eng
bucket,produces/does not produce,item_216,,eng
camera,produces/does not produce,item_217,,eng
can ,produces/does not produce,item_218,,eng
clock,produces/does not produce,item_219,,eng
comb,produces/does not produce,item_220,,eng
cup,produces/does not produce,item_221,,eng
dish,produces/does not produce,item_222,,eng
fork,produces/does not produce,item_223,,eng
garbage,produces/does not produce,item_224,,eng
glass,produces/does not produce,item_225,,eng
glasses,produces/does not produce,item_226,,eng
hammer,produces/does not produce,item_227,,eng
jar,produces/does not produce,item_228,,eng
keys,produces/does not produce,item_229,,eng
knife,produces/does not produce,item_230,,eng
lamp,produces/does not produce,item_231,,eng
light,produces/does not produce,item_232,,eng
medicine,produces/does not produce,item_233,,eng
money,produces/does not produce,item_234,,eng
mop,produces/does not produce,item_235,,eng
nail,produces/does not produce,item_236,,eng
napkin,produces/does not produce,item_237,,eng
paper,produces/does not produce,item_238,,eng
penny,produces/does not produce,item_239,,eng
picture,produces/does not produce,item_240,,eng
pillow,produces/does not produce,item_241,,eng
plant,produces/does not produce,item_242,,eng
plate,produces/does not produce,item_243,,eng
purse,produces/does not produce,item_244,,eng
radio,produces/does not produce,item_245,,eng
scissors,produces/does not produce,item_246,,eng
soap,produces/does not produce,item_247,,eng
spoon,produces/does not produce,item_248,,eng
tape,produces/does not produce,item_249,,eng
telephone,produces/does not produce,item_250,,eng
tissue/kleenex,produces/does not produce,item_251,,eng
toothbrush,produces/does not produce,item_252,,eng
towel,produces/does not produce,item_253,,eng
trash,produces/does not produce,item_254,,eng
tray,produces/does not produce,item_255,,eng
vacuum,produces/does not produce,item_256,,eng
walker,produces/does not produce,item_257,,eng
watch,produces/does not produce,item_258,,eng
basement,produces/does not produce,item_259,,eng
bathroom,produces/does not produce,item_260,,eng
bathtub,produces/does not produce,item_261,,eng
bed,produces/does not produce,item_262,,eng
bedroom,produces/does not produce,item_263,,eng
bench,produces/does not produce,item_264,,eng
chair,produces/does not produce,item_265,,eng
closet,produces/does not produce,item_266,,eng
couch,produces/does not produce,item_267,,eng
crib,produces/does not produce,item_268,,eng
door,produces/does not produce,item_269,,eng
drawer,produces/does not produce,item_270,,eng
dryer,produces/does not produce,item_271,,eng
garage,produces/does not produce,item_272,,eng
high chair,produces/does not produce,item_273,,eng
kitchen,produces/does not produce,item_274,,eng
living room,produces/does not produce,item_275,,eng
oven,produces/does not produce,item_276,,eng
play pen,produces/does not produce,item_277,,eng
porch,produces/does not produce,item_278,,eng
potty,produces/does not produce,item_279,,eng
refrigerator,produces/does not produce,item_280,,eng
rocking chair,produces/does not produce,item_281,,eng
room,produces/does not produce,item_282,,eng
shower,produces/does not produce,item_283,,eng
sink,produces/does not produce,item_284,,eng
sofa,produces/does not produce,item_285,,eng
stairs,produces/does not produce,item_286,,eng
stove,produces/does not produce,item_287,,eng
table,produces/does not produce,item_288,,eng
TV,produces/does not produce,item_289,,eng
washing machine,produces/does not produce,item_290,,eng
window,produces/does not produce,item_291,,eng
backyard,produces/does not produce,item_292,,eng
cloud,produces/does not produce,item_293,,eng
flag,produces/does not produce,item_294,,eng
flower,produces/does not produce,item_295,,eng
garden,produces/does not produce,item_296,,eng
grass,produces/does not produce,item_297,,eng
hose,produces/does not produce,item_298,,eng
ladder,produces/does not produce,item_299,,eng
lawn mower,produces/does not produce,item_300,,eng
moon,produces/does not produce,item_301,,eng
pool,produces/does not produce,item_302,,eng
rain,produces/does not produce,item_303,,eng
rock,produces/does not produce,item_304,,eng
roof,produces/does not produce,item_305,,eng
sandbox,produces/does not produce,item_306,,eng
shovel,produces/does not produce,item_307,,eng
sidewalk,produces/does not produce,item_308,,eng
sky,produces/does not produce,item_309,,eng
slide,produces/does not produce,item_310,,eng
snow,produces/does not produce,item_311,,eng
snowman,produces/does not produce,item_312,,eng
sprinkler,produces/does not produce,item_313,,eng
star,produces/does not produce,item_314,,eng
stick,produces/does not produce,item_315,,eng
stone,produces/does not produce,item_316,,eng
street,produces/does not produce,item_317,,eng
sun,produces/does not produce,item_318,,eng
swing,produces/does not produce,item_319,,eng
tree,produces/does not produce,item_320,,eng
water,produces/does not produce,item_321,,eng
wind,produces/does not produce,item_322,,eng
beach,produces/does not produce,item_323,,eng
camping,produces/does not produce,item_324,,eng
church,produces/does not produce,item_325,,eng
circus,produces/does not produce,item_326,,eng
country,produces/does not produce,item_327,,eng
downtown,produces/does not produce,item_328,,eng
farm,produces/does not produce,item_329,,eng
gas station,produces/does not produce,item_330,,eng
home ,produces/does not produce,item_331,,eng
house,produces/does not produce,item_332,,eng
movie,produces/does not produce,item_333,,eng
outside,produces/does not produce,item_334,,eng
park,produces/does not produce,item_335,,eng
party,produces/does not produce,item_336,,eng
picnic,produces/does not produce,item_337,,eng
playground,produces/does not produce,item_338,,eng
school,produces/does not produce,item_339,,eng
store,produces/does not produce,item_340,,eng
woods,produces/does not produce,item_341,,eng
work,produces/does not produce,item_342,,eng
yard,produces/does not produce,item_343,,eng
zoo,produces/does not produce,item_344,,eng
aunt,produces/does not produce,item_345,,eng
baby,produces/does not produce,item_346,,eng
babysitter,produces/does not produce,item_347,,eng
babysitter's name,produces/does not produce,item_348,,eng
boy,produces/does not produce,item_349,,eng
brother,produces/does not produce,item_350,,eng
child,produces/does not produce,item_351,,eng
clown,produces/does not produce,item_352,,eng
cowboy,produces/does not produce,item_353,,eng
daddy,produces/does not produce,item_354,,eng
doctor,produces/does not produce,item_355,,eng
firemen,produces/does not produce,item_356,,eng
friend,produces/does not produce,item_357,,eng
girl,produces/does not produce,item_358,,eng
grandma,produces/does not produce,item_359,,eng
grandpa,produces/does not produce,item_360,,eng
lady,produces/does not produce,item_361,,eng
mailman,produces/does not produce,item_362,,eng
man,produces/does not produce,item_363,,eng
mommy,produces/does not produce,item_364,,eng
nurse,produces/does not produce,item_365,,eng
child's own name,produces/does not produce,item_366,,eng
people,produces/does not produce,item_367,,eng
person,produces/does not produce,item_368,,eng
pet's name,produces/does not produce,item_369,,eng
police,produces/does not produce,item_370,,eng
sister,produces/does not produce,item_371,,eng
teacher,produces/does not produce,item_372,,eng
uncle,produces/does not produce,item_373,,eng
bath,produces/does not produce,item_374,,eng
breakfast,produces/does not produce,item_375,,eng
bye,produces/does not produce,item_376,,eng
call (on phone),produces/does not produce,item_377,,eng
dinner,produces/does not produce,item_378,,eng
give me five,produces/does not produce,item_379,,eng
gonna get you,produces/does not produce,item_380,,eng
go potty,produces/does not produce,item_381,,eng
hi,produces/does not produce,item_382,,eng
hello,produces/does not produce,item_383,,eng
lunch,produces/does not produce,item_384,,eng
nap,produces/does not produce,item_385,,eng
night night,produces/does not produce,item_386,,eng
no,produces/does not produce,item_387,,eng
patty cake,produces/does not produce,item_388,,eng
peekaboo,produces/does not produce,item_389,,eng
please,produces/does not produce,item_390,,eng
sh/shush/hush,produces/does not produce,item_391,,eng
shopping,produces/does not produce,item_392,,eng
snack,produces/does not produce,item_393,,eng
so big!,produces/does not produce,item_394,,eng
thank you,produces/does not produce,item_395,,eng
this little piggy,produces/does not produce,item_396,,eng
turn around,produces/does not produce,item_397,,eng
yes,produces/does not produce,item_398,,eng
bite,produces/does not produce,item_399,,eng
blow,produces/does not produce,item_400,,eng
break,produces/does not produce,item_401,,eng
bring,produces/does not produce,item_402,,eng
build,produces/does not produce,item_403,,eng
bump,produces/does not produce,item_404,,eng
buy,produces/does not produce,item_405,,eng
carry,produces/does not produce,item_406,,eng
catch,produces/does not produce,item_407,,eng
chase,produces/does not produce,item_408,,eng
clap,produces/does not produce,item_409,,eng
clean,produces/does not produce,item_410,,eng
climb,produces/does not produce,item_411,,eng
close,produces/does not produce,item_412,,eng
cook,produces/does not produce,item_413,,eng
cover,produces/does not produce,item_414,,eng
cry,produces/does not produce,item_415,,eng
cut,produces/does not produce,item_416,,eng
dance,produces/does not produce,item_417,,eng
draw,produces/does not produce,item_418,,eng
drink.1,produces/does not produce,item_419,,eng
drive,produces/does not produce,item_420,,eng
drop,produces/does not produce,item_421,,eng
dry,produces/does not produce,item_422,,eng
dump,produces/does not produce,item_423,,eng
eat,produces/does not produce,item_424,,eng
fall,produces/does not produce,item_425,,eng
feed,produces/does not produce,item_426,,eng
find,produces/does not produce,item_427,,eng
finish,produces/does not produce,item_428,,eng
fit ,produces/does not produce,item_429,,eng
fix,produces/does not produce,item_430,,eng
get,produces/does not produce,item_431,,eng
give,produces/does not produce,item_432,,eng
go,produces/does not produce,item_433,,eng
hate,produces/does not produce,item_434,,eng
have,produces/does not produce,item_435,,eng
hear,produces/does not produce,item_436,,eng
help,produces/does not produce,item_437,,eng
hide,produces/does not produce,item_438,,eng
hit,produces/does not produce,item_439,,eng
hold,produces/does not produce,item_440,,eng
hug,produces/does not produce,item_441,,eng
hurry,produces/does not produce,item_442,,eng
jump,produces/does not produce,item_443,,eng
kick,produces/does not produce,item_444,,eng
kiss,produces/does not produce,item_445,,eng
knock,produces/does not produce,item_446,,eng
lick,produces/does not produce,item_447,,eng
like,produces/does not produce,item_448,,eng
listen,produces/does not produce,item_449,,eng
look,produces/does not produce,item_450,,eng
love,produces/does not produce,item_451,,eng
make,produces/does not produce,item_452,,eng
open,produces/does not produce,item_453,,eng
paint,produces/does not produce,item_454,,eng
pick,produces/does not produce,item_455,,eng
play,produces/does not produce,item_456,,eng
pour,produces/does not produce,item_457,,eng
pretend,produces/does not produce,item_458,,eng
pull,produces/does not produce,item_459,,eng
push,produces/does not produce,item_460,,eng
put,produces/does not produce,item_461,,eng
read,produces/does not produce,item_462,,eng
ride,produces/does not produce,item_463,,eng
rip,produces/does not produce,item_464,,eng
run,produces/does not produce,item_465,,eng
say,produces/does not produce,item_466,,eng
see,produces/does not produce,item_467,,eng
shake,produces/does not produce,item_468,,eng
share,produces/does not produce,item_469,,eng
show,produces/does not produce,item_470,,eng
sing,produces/does not produce,item_471,,eng
sit,produces/does not produce,item_472,,eng
skate,produces/does not produce,item_473,,eng
sleep,produces/does not produce,item_474,,eng
slide.1,produces/does not produce,item_475,,eng
smile,produces/does not produce,item_476,,eng
spill,produces/does not produce,item_477,,eng
splash,produces/does not produce,item_478,,eng
stand,produces/does not produce,item_479,,eng
stay,produces/does not produce,item_480,,eng
stop,produces/does not produce,item_481,,eng
sweep,produces/does not produce,item_482,,eng
swim,produces/does not produce,item_483,,eng
swing.1,produces/does not produce,item_484,,eng
take,produces/does not produce,item_485,,eng
talk,produces/does not produce,item_486,,eng
taste ,produces/does not produce,item_487,,eng
tear,produces/does not produce,item_488,,eng
think,produces/does not produce,item_489,,eng
throw,produces/does not produce,item_490,,eng
tickle,produces/does not produce,item_491,,eng
touch,produces/does not produce,item_492,,eng
wait,produces/does not produce,item_493,,eng
wake,produces/does not produce,item_494,,eng
walk,produces/does not produce,item_495,,eng
wash,produces/does not produce,item_496,,eng
watch.1,produces/does not produce,item_497,,eng
wipe,produces/does not produce,item_498,,eng
wish,produces/does not produce,item_499,,eng
work ,produces/does not produce,item_500,,eng
write,produces/does not produce,item_501,,eng
allgone,produces/does not produce,item_502,,eng
asleep,produces/does not produce,item_503,,eng
awake,produces/does not produce,item_504,,eng
bad,produces/does not produce,item_505,,eng
better,produces/does not produce,item_506,,eng
big,produces/does not produce,item_507,,eng
black,produces/does not produce,item_508,,eng
blue,produces/does not produce,item_509,,eng
broken,produces/does not produce,item_510,,eng
brown,produces/does not produce,item_511,,eng
careful,produces/does not produce,item_512,,eng
clean.1,produces/does not produce,item_513,,eng
cold,produces/does not produce,item_514,,eng
cute,produces/does not produce,item_515,,eng
dark,produces/does not produce,item_516,,eng
dirty,produces/does not produce,item_517,,eng
dry.1,produces/does not produce,item_518,,eng
empty,produces/does not produce,item_519,,eng
fast,produces/does not produce,item_520,,eng
fine,produces/does not produce,item_521,,eng
first,produces/does not produce,item_522,,eng
full,produces/does not produce,item_523,,eng
gentle,produces/does not produce,item_524,,eng
good,produces/does not produce,item_525,,eng
green,produces/does not produce,item_526,,eng
happy,produces/does not produce,item_527,,eng
hard,produces/does not produce,item_528,,eng
heavy,produces/does not produce,item_529,,eng
high,produces/does not produce,item_530,,eng
hot,produces/does not produce,item_531,,eng
hungry,produces/does not produce,item_532,,eng
hurt,produces/does not produce,item_533,,eng
last,produces/does not produce,item_534,,eng
little,produces/does not produce,item_535,,eng
long,produces/does not produce,item_536,,eng
loud,produces/does not produce,item_537,,eng
mad,produces/does not produce,item_538,,eng
naughty,produces/does not produce,item_539,,eng
new,produces/does not produce,item_540,,eng
nice,produces/does not produce,item_541,,eng
noisy,produces/does not produce,item_542,,eng
old,produces/does not produce,item_543,,eng
orange.1,produces/does not produce,item_544,,eng
poor,produces/does not produce,item_545,,eng
pretty,produces/does not produce,item_546,,eng
quiet,produces/does not produce,item_547,,eng
red,produces/does not produce,item_548,,eng
sad,produces/does not produce,item_549,,eng
scared,produces/does not produce,item_550,,eng
sick,produces/does not produce,item_551,,eng
sleepy,produces/does not produce,item_552,,eng
slow,produces/does not produce,item_553,,eng
soft,produces/does not produce,item_554,,eng
sticky,produces/does not produce,item_555,,eng
stuck,produces/does not produce,item_556,,eng
thirsty,produces/does not produce,item_557,,eng
tiny,produces/does not produce,item_558,,eng
tired,produces/does not produce,item_559,,eng
wet,produces/does not produce,item_560,,eng
white,produces/does not produce,item_561,,eng
windy,produces/does not produce,item_562,,eng
yellow,produces/does not produce,item_563,,eng
yucky,produces/does not produce,item_564,,eng
after,produces/does not produce,item_565,,eng
before,produces/does not produce,item_566,,eng
day,produces/does not produce,item_567,,eng
later,produces/does not produce,item_568,,eng
morning,produces/does not produce,item_569,,eng
night,produces/does not produce,item_570,,eng
now,produces/does not produce,item_571,,eng
time,produces/does not produce,item_572,,eng
today,produces/does not produce,item_573,,eng
tomorrow,produces/does not produce,item_574,,eng
tonight,produces/does not produce,item_575,,eng
yesterday,produces/does not produce,item_576,,eng
he,produces/does not produce,item_577,,eng
her,produces/does not produce,item_578,,eng
hers,produces/does not produce,item_579,,eng
him,produces/does not produce,item_580,,eng
his,produces/does not produce,item_581,,eng
I ,produces/does not produce,item_582,,eng
it,produces/does not produce,item_583,,eng
me,produces/does not produce,item_584,,eng
mine ,produces/does not produce,item_585,,eng
my,produces/does not produce,item_586,,eng
myself,produces/does not produce,item_587,,eng
our ,produces/does not produce,item_588,,eng
she,produces/does not produce,item_589,,eng
that,produces/does not produce,item_590,,eng
their,produces/does not produce,item_591,,eng
them,produces/does not produce,item_592,,eng
these,produces/does not produce,item_593,,eng
they,produces/does not produce,item_594,,eng
this,produces/does not produce,item_595,,eng
those ,produces/does not produce,item_596,,eng
us,produces/does not produce,item_597,,eng
we ,produces/does not produce,item_598,,eng
you,produces/does not produce,item_599,,eng
your,produces/does not produce,item_600,,eng
yourself,produces/does not produce,item_601,,eng
how,produces/does not produce,item_602,,eng
what,produces/does not produce,item_603,,eng
when,produces/does not produce,item_604,,eng
where,produces/does not produce,item_605,,eng
which,produces/does not produce,item_606,,eng
who ,produces/does not produce,item_607,,eng
why,produces/does not produce,item_608,,eng
about,produces/does not produce,item_609,,eng
above,produces/does not produce,item_610,,eng
around,produces/does not produce,item_611,,eng
at,produces/does not produce,item_612,,eng
away,produces/does not produce,item_613,,eng
back,produces/does not produce,item_614,,eng
behind,produces/does not produce,item_615,,eng
beside,produces/does not produce,item_616,,eng
by,produces/does not produce,item_617,,eng
down,produces/does not produce,item_618,,eng
for ,produces/does not produce,item_619,,eng
here,produces/does not produce,item_620,,eng
inside/in,produces/does not produce,item_621,,eng
into,produces/does not produce,item_622,,eng
next to,produces/does not produce,item_623,,eng
of ,produces/does not produce,item_624,,eng
off,produces/does not produce,item_625,,eng
on,produces/does not produce,item_626,,eng
on top of,produces/does not produce,item_627,,eng
out,produces/does not produce,item_628,,eng
over ,produces/does not produce,item_629,,eng
there,produces/does not produce,item_630,,eng
to,produces/does not produce,item_631,,eng
under ,produces/does not produce,item_632,,eng
up,produces/does not produce,item_633,,eng
with,produces/does not produce,item_634,,eng
a,produces/does not produce,item_635,,eng
all,produces/does not produce,item_636,,eng
a lot,produces/does not produce,item_637,,eng
an,produces/does not produce,item_638,,eng
another,produces/does not produce,item_639,,eng
any,produces/does not produce,item_640,,eng
each,produces/does not produce,item_641,,eng
every,produces/does not produce,item_642,,eng
more,produces/does not produce,item_643,,eng
much,produces/does not produce,item_644,,eng
not ,produces/does not produce,item_645,,eng
none,produces/does not produce,item_646,,eng
other,produces/does not produce,item_647,,eng
same,produces/does not produce,item_648,,eng
some ,produces/does not produce,item_649,,eng
the,produces/does not produce,item_650,,eng
too,produces/does not produce,item_651,,eng
am,produces/does not produce,item_652,,eng
are,produces/does not produce,item_653,,eng
be,produces/does not produce,item_654,,eng
can,produces/does not produce,item_655,,eng
could,produces/does not produce,item_656,,eng
did/did ya,produces/does not produce,item_657,,eng
do,produces/does not produce,item_658,,eng
does,produces/does not produce,item_659,,eng
don't,produces/does not produce,item_660,,eng
gonna/going to,produces/does not produce,item_661,,eng
gotta/got to,produces/does not produce,item_662,,eng
hafta/have to ,produces/does not produce,item_663,,eng
is,produces/does not produce,item_664,,eng
lemme/let me,produces/does not produce,item_665,,eng
need/need to,produces/does not produce,item_666,,eng
try/try to,produces/does not produce,item_667,,eng
wanna/want to ,produces/does not produce,item_668,,eng
was,produces/does not produce,item_669,,eng
were,produces/does not produce,item_670,,eng
will ,produces/does not produce,item_671,,eng
would,produces/does not produce,item_672,,eng
and,produces/does not produce,item_673,,eng
because,produces/does not produce,item_674,,eng
but,produces/does not produce,item_675,,eng
if,produces/does not produce,item_676,,eng
so,produces/does not produce,item_677,,eng
then,produces/does not produce,item_678,,eng
aïe,produces/does not produce,item_679,,fr
bêêê bêêê,produces/does not produce,item_680,,fr
cocorico,produces/does not produce,item_681,,fr
coin coin,produces/does not produce,item_682,,fr
grr.1,produces/does not produce,item_683,,fr
miam miam,produces/does not produce,item_684,,fr
miaou,produces/does not produce,item_685,,fr
meuh,produces/does not produce,item_686,,fr
oh oh,produces/does not produce,item_687,,fr
tchou tchou,produces/does not produce,item_688,,fr
vroum,produces/does not produce,item_689,,fr
wouf wouf,produces/does not produce,item_690,,fr
abeille,produces/does not produce,item_691,,fr
agneau,produces/does not produce,item_692,,fr
alligator/corcodile ,produces/does not produce,item_693,,fr
âne,produces/does not produce,item_694,,fr
animal.1,produces/does not produce,item_695,,fr
bibitte,produces/does not produce,item_696,,fr
canard,produces/does not produce,item_697,,fr
chat,produces/does not produce,item_698,,fr
cheval,produces/does not produce,item_699,,fr
chevreuil,produces/does not produce,item_700,,fr
chien,produces/does not produce,item_701,,fr
cochon,produces/does not produce,item_702,,fr
coq,produces/does not produce,item_703,,fr
dinde,produces/does not produce,item_704,,fr
écureuil,produces/does not produce,item_705,,fr
éléphant,produces/does not produce,item_706,,fr
fourmi,produces/does not produce,item_707,,fr
girafe,produces/does not produce,item_708,,fr
grenouille,produces/does not produce,item_709,,fr
hibou,produces/does not produce,item_710,,fr
lapin,produces/does not produce,item_711,,fr
lion.1,produces/does not produce,item_712,,fr
loup,produces/does not produce,item_713,,fr
mouton,produces/does not produce,item_714,,fr
oie,produces/does not produce,item_715,,fr
oiseau,produces/does not produce,item_716,,fr
original,produces/does not produce,item_717,,fr
ours,produces/does not produce,item_718,,fr
ourson/nounours,produces/does not produce,item_719,,fr
panda,produces/does not produce,item_720,,fr
papillon,produces/does not produce,item_721,,fr
pingouin,produces/does not produce,item_722,,fr
poisson,produces/does not produce,item_723,,fr
poule,produces/does not produce,item_724,,fr
poulet,produces/does not produce,item_725,,fr
singe,produces/does not produce,item_726,,fr
souris,produces/does not produce,item_727,,fr
tigre,produces/does not produce,item_728,,fr
tortue,produces/does not produce,item_729,,fr
vache,produces/does not produce,item_730,,fr
zèbre,produces/does not produce,item_731,,fr
auto,produces/does not produce,item_732,,fr
autobus,produces/does not produce,item_733,,fr
avion,produces/does not produce,item_734,,fr
bateau,produces/does not produce,item_735,,fr
bicyclette,produces/does not produce,item_736,,fr
camion,produces/does not produce,item_737,,fr
camion de pompier,produces/does not produce,item_738,,fr
hélicoptère,produces/does not produce,item_739,,fr
moto,produces/does not produce,item_740,,fr
pousette,produces/does not produce,item_741,,fr
tracteur,produces/does not produce,item_742,,fr
train.1,produces/does not produce,item_743,,fr
traîneau,produces/does not produce,item_744,,fr
tricycle.1,produces/does not produce,item_745,,fr
balle,produces/does not produce,item_746,,fr
ballon,produces/does not produce,item_747,,fr
bâton,produces/does not produce,item_748,,fr
bloc,produces/does not produce,item_749,,fr
bulles,produces/does not produce,item_750,,fr
cadeau,produces/does not produce,item_751,,fr
casse-tête,produces/does not produce,item_752,,fr
colle,produces/does not produce,item_753,,fr
craie,produces/does not produce,item_754,,fr
crayon.1,produces/does not produce,item_755,,fr
crayon de couleur,produces/does not produce,item_756,,fr
histoire,produces/does not produce,item_757,,fr
jeu,produces/does not produce,item_758,,fr
jouet,produces/does not produce,item_759,,fr
lego,produces/does not produce,item_760,,fr
livre,produces/does not produce,item_761,,fr
pâte à modeler,produces/does not produce,item_762,,fr
poupée,produces/does not produce,item_763,,fr
stylo,produces/does not produce,item_764,,fr
toutou,produces/does not produce,item_765,,fr
banane,produces/does not produce,item_766,,fr
beigne,produces/does not produce,item_767,,fr
beurre,produces/does not produce,item_768,,fr
beurre de pinotte/d'archide,produces/does not produce,item_769,,fr
biscuit,produces/does not produce,item_770,,fr
biscuit soda,produces/does not produce,item_771,,fr
blé d'inde,produces/does not produce,item_772,,fr
bonbon,produces/does not produce,item_773,,fr
café,produces/does not produce,item_774,,fr
carotte,produces/does not produce,item_775,,fr
céréale,produces/does not produce,item_776,,fr
cheerios.1,produces/does not produce,item_777,,fr
chips,produces/does not produce,item_778,,fr
chocolat,produces/does not produce,item_779,,fr
citrouille,produces/does not produce,item_780,,fr
coke.1,produces/does not produce,item_781,,fr
compote aux pommes,produces/does not produce,item_782,,fr
confiture,produces/does not produce,item_783,,fr
cornichon,produces/does not produce,item_784,,fr
crème glacée,produces/does not produce,item_785,,fr
crêpe,produces/does not produce,item_786,,fr
eau,produces/does not produce,item_787,,fr
fraise,produces/does not produce,item_788,,fr
fromage,produces/does not produce,item_789,,fr
gâteau,produces/does not produce,item_790,,fr
glace,produces/does not produce,item_791,,fr
gomme,produces/does not produce,item_792,,fr
hamburger.1,produces/does not produce,item_793,,fr
haricot,produces/does not produce,item_794,,fr
jell-o,produces/does not produce,item_795,,fr
jus,produces/does not produce,item_796,,fr
lait,produces/does not produce,item_797,,fr
melon.1,produces/does not produce,item_798,,fr
muffin.1,produces/does not produce,item_799,,fr
noix,produces/does not produce,item_800,,fr
nouilles/pâtes,produces/does not produce,item_801,,fr
nouritture,produces/does not produce,item_802,,fr
oeuf,produces/does not produce,item_803,,fr
orange.2,produces/does not produce,item_804,,fr
pain,produces/does not produce,item_805,,fr
patate,produces/does not produce,item_806,,fr
patates frites,produces/does not produce,item_807,,fr
pizza.1,produces/does not produce,item_808,,fr
pois,produces/does not produce,item_809,,fr
poisson.1,produces/does not produce,item_810,,fr
pomme,produces/does not produce,item_811,,fr
pop-corn,produces/does not produce,item_812,,fr
popsicle.1,produces/does not produce,item_813,,fr
pouding,produces/does not produce,item_814,,fr
poulet.1,produces/does not produce,item_815,,fr
raisin.1,produces/does not produce,item_816,,fr
raisin sec,produces/does not produce,item_817,,fr
sandwich.1,produces/does not produce,item_818,,fr
sauce.1,produces/does not produce,item_819,,fr
sel,produces/does not produce,item_820,,fr
soupe,produces/does not produce,item_821,,fr
spaghetti.1,produces/does not produce,item_822,,fr
suçon,produces/does not produce,item_823,,fr
thon,produces/does not produce,item_824,,fr
toast.1,produces/does not produce,item_825,,fr
vanille,produces/does not produce,item_826,,fr
viande,produces/does not produce,item_827,,fr
vitamine,produces/does not produce,item_828,,fr
yogourt ,produces/does not produce,item_829,,fr
bas,produces/does not produce,item_830,,fr
bavette,produces/does not produce,item_831,,fr
botte,produces/does not produce,item_832,,fr
bouton,produces/does not produce,item_833,,fr
ceinture,produces/does not produce,item_834,,fr
chandail,produces/does not produce,item_835,,fr
chapeau,produces/does not produce,item_836,,fr
chemise,produces/does not produce,item_837,,fr
collants,produces/does not produce,item_838,,fr
collier,produces/does not produce,item_839,,fr
couche,produces/does not produce,item_840,,fr
espadrille/soulier de course,produces/does not produce,item_841,,fr
foulard,produces/does not produce,item_842,,fr
gant,produces/does not produce,item_843,,fr
habit de neige,produces/does not produce,item_844,,fr
jeans.1,produces/does not produce,item_845,,fr
manteau,produces/does not produce,item_846,,fr
mitaine,produces/does not produce,item_847,,fr
pantalon,produces/does not produce,item_848,,fr
pantoufle,produces/does not produce,item_849,,fr
perles/boules,produces/does not produce,item_850,,fr
petite culotte/culotte,produces/does not produce,item_851,,fr
pyjama,produces/does not produce,item_852,,fr
robe,produces/does not produce,item_853,,fr
short,produces/does not produce,item_854,,fr
soulier,produces/does not produce,item_855,,fr
zip/fermeture-éclair,produces/does not produce,item_856,,fr
bedaine/ventre,produces/does not produce,item_857,,fr
bobo,produces/does not produce,item_858,,fr
bouche,produces/does not produce,item_859,,fr
bras,produces/does not produce,item_860,,fr
cheveux,produces/does not produce,item_861,,fr
dent,produces/does not produce,item_862,,fr
doigt,produces/does not produce,item_863,,fr
épaule,produces/does not produce,item_864,,fr
fesses,produces/does not produce,item_865,,fr
genou,produces/does not produce,item_866,,fr
jambe,produces/does not produce,item_867,,fr
joue,produces/does not produce,item_868,,fr
langue,produces/does not produce,item_869,,fr
lèvres ,produces/does not produce,item_870,,fr
main,produces/does not produce,item_871,,fr
menton,produces/does not produce,item_872,,fr
moustache,produces/does not produce,item_873,,fr
nez,produces/does not produce,item_874,,fr
nombril,produces/does not produce,item_875,,fr
oreille ,produces/does not produce,item_876,,fr
orteil,produces/does not produce,item_877,,fr
pénis,produces/does not produce,item_878,,fr
pied,produces/does not produce,item_879,,fr
tête,produces/does not produce,item_880,,fr
vagin/vulve,produces/does not produce,item_881,,fr
visage,produces/does not produce,item_882,,fr
yeux,produces/does not produce,item_883,,fr
argent,produces/does not produce,item_884,,fr
aspirateur,produces/does not produce,item_885,,fr
assiette,produces/does not produce,item_886,,fr
balai,produces/does not produce,item_887,,fr
boîte,produces/does not produce,item_888,,fr
bol,produces/does not produce,item_889,,fr
bouteille,produces/does not produce,item_890,,fr
brosse,produces/does not produce,item_891,,fr
brosse à dent,produces/does not produce,item_892,,fr
caméra,produces/does not produce,item_893,,fr
ciseaux,produces/does not produce,item_894,,fr
clés,produces/does not produce,item_895,,fr
clou,produces/does not produce,item_896,,fr
couteau,produces/does not produce,item_897,,fr
couverture/couverture,produces/does not produce,item_898,,fr
cuillère,produces/does not produce,item_899,,fr
fourchette,produces/does not produce,item_900,,fr
horloge,produces/does not produce,item_901,,fr
image,produces/does not produce,item_902,,fr
lampe,produces/does not produce,item_903,,fr
lumière,produces/does not produce,item_904,,fr
lunettes,produces/does not produce,item_905,,fr
marteau,produces/does not produce,item_906,,fr
médicament,produces/does not produce,item_907,,fr
montre,produces/does not produce,item_908,,fr
mouchoir/Kleenex,produces/does not produce,item_909,,fr
oreiller,produces/does not produce,item_910,,fr
panier,produces/does not produce,item_911,,fr
papier,produces/does not produce,item_912,,fr
peigne,produces/does not produce,item_913,,fr
photo,produces/does not produce,item_914,,fr
plante,produces/does not produce,item_915,,fr
plat,produces/does not produce,item_916,,fr
pot,produces/does not produce,item_917,,fr
poubelle,produces/does not produce,item_918,,fr
radio.1,produces/does not produce,item_919,,fr
ruban,produces/does not produce,item_920,,fr
sacoche/sac à main,produces/does not produce,item_921,,fr
savon,produces/does not produce,item_922,,fr
seau,produces/does not produce,item_923,,fr
serviette,produces/does not produce,item_924,,fr
serviette de table,produces/does not produce,item_925,,fr
sou,produces/does not produce,item_926,,fr
tasse,produces/does not produce,item_927,,fr
téléphone,produces/does not produce,item_928,,fr
verre,produces/does not produce,item_929,,fr
vidanges,produces/does not produce,item_930,,fr
bain,produces/does not produce,item_931,,fr
banc,produces/does not produce,item_932,,fr
bassinette/berceau,produces/does not produce,item_933,,fr
chaise,produces/does not produce,item_934,,fr
chaise berçante,produces/does not produce,item_935,,fr
chaise haute,produces/does not produce,item_936,,fr
chambre,produces/does not produce,item_937,,fr
cuisine,produces/does not produce,item_938,,fr
divan/sofa,produces/does not produce,item_939,,fr
douche,produces/does not produce,item_940,,fr
entrée,produces/does not produce,item_941,,fr
escalier,produces/does not produce,item_942,,fr
évier/lavabo,produces/does not produce,item_943,,fr
fenêtre,produces/does not produce,item_944,,fr
four,produces/does not produce,item_945,,fr
foyer,produces/does not produce,item_946,,fr
frigdaire/frigo,produces/does not produce,item_947,,fr
garage.1,produces/does not produce,item_948,,fr
garde-robe,produces/does not produce,item_949,,fr
laveuse,produces/does not produce,item_950,,fr
lit,produces/does not produce,item_951,,fr
marche,produces/does not produce,item_952,,fr
parc (d'enfant),produces/does not produce,item_953,,fr
pièce,produces/does not produce,item_954,,fr
poêle,produces/does not produce,item_955,,fr
porte,produces/does not produce,item_956,,fr
pot.1,produces/does not produce,item_957,,fr
salle de bain/toilette,produces/does not produce,item_958,,fr
salon,produces/does not produce,item_959,,fr
sécheuse,produces/does not produce,item_960,,fr
sous-sol,produces/does not produce,item_961,,fr
table.1,produces/does not produce,item_962,,fr
télévision,produces/does not produce,item_963,,fr
tiroir,produces/does not produce,item_964,,fr
arbre,produces/does not produce,item_965,,fr
arrosoir,produces/does not produce,item_966,,fr
balançoire,produces/does not produce,item_967,,fr
bâton.1,produces/does not produce,item_968,,fr
bonhomme de neige,produces/does not produce,item_969,,fr
ciel,produces/does not produce,item_970,,fr
cour,produces/does not produce,item_971,,fr
drapeau,produces/does not produce,item_972,,fr
eau.1,produces/does not produce,item_973,,fr
échelle,produces/does not produce,item_974,,fr
étoile,produces/does not produce,item_975,,fr
fleur,produces/does not produce,item_976,,fr
gazon,produces/does not produce,item_977,,fr
glissoire,produces/does not produce,item_978,,fr
jardin,produces/does not produce,item_979,,fr
lune,produces/does not produce,item_980,,fr
neige,produces/does not produce,item_981,,fr
nuage,produces/does not produce,item_982,,fr
pelle,produces/does not produce,item_983,,fr
pierre,produces/does not produce,item_984,,fr
piscine,produces/does not produce,item_985,,fr
pluie,produces/does not produce,item_986,,fr
roche,produces/does not produce,item_987,,fr
roue ,produces/does not produce,item_988,,fr
rue,produces/does not produce,item_989,,fr
sable,produces/does not produce,item_990,,fr
soleil,produces/does not produce,item_991,,fr
toit,produces/does not produce,item_992,,fr
tondeuse,produces/does not produce,item_993,,fr
trottoir,produces/does not produce,item_994,,fr
tuyau/boyau,produces/does not produce,item_995,,fr
vent,produces/does not produce,item_996,,fr
véranda/balcon,produces/does not produce,item_997,,fr
campagne,produces/does not produce,item_998,,fr
camping.1,produces/does not produce,item_999,,fr
chez-nous,produces/does not produce,item_1000,,fr
cirque,produces/does not produce,item_1001,,fr
dehors,produces/does not produce,item_1002,,fr
école,produces/does not produce,item_1003,,fr
église,produces/does not produce,item_1004,,fr
ferme,produces/does not produce,item_1005,,fr
fête ,produces/does not produce,item_1006,,fr
forêt,produces/does not produce,item_1007,,fr
garage (essence),produces/does not produce,item_1008,,fr
magasin,produces/does not produce,item_1009,,fr
maison,produces/does not produce,item_1010,,fr
parc,produces/does not produce,item_1011,,fr
pique-nique,produces/does not produce,item_1012,,fr
plage,produces/does not produce,item_1013,,fr
terrain de jeu,produces/does not produce,item_1014,,fr
travail/bureau,produces/does not produce,item_1015,,fr
zoo.1,produces/does not produce,item_1016,,fr
ami,produces/does not produce,item_1017,,fr
bébé,produces/does not produce,item_1018,,fr
bonhomme,produces/does not produce,item_1019,,fr
clown.1,produces/does not produce,item_1020,,fr
cow-boy,produces/does not produce,item_1021,,fr
docteur,produces/does not produce,item_1022,,fr
enfant,produces/does not produce,item_1023,,fr
facteur,produces/does not produce,item_1024,,fr
fille,produces/does not produce,item_1025,,fr
frère,produces/does not produce,item_1026,,fr
garçon,produces/does not produce,item_1027,,fr
gardienne,produces/does not produce,item_1028,,fr
gens/monde,produces/does not produce,item_1029,,fr
grand-maman,produces/does not produce,item_1030,,fr
grand-papa,produces/does not produce,item_1031,,fr
madame,produces/does not produce,item_1032,,fr
maman,produces/does not produce,item_1033,,fr
monsieur,produces/does not produce,item_1034,,fr
nom de l'animal domestique,produces/does not produce,item_1035,,fr
nom du gardien(ne),produces/does not produce,item_1036,,fr
oncle/mononcle,produces/does not produce,item_1037,,fr
papa,produces/does not produce,item_1038,,fr
personne,produces/does not produce,item_1039,,fr
police.1,produces/does not produce,item_1040,,fr
pompier,produces/does not produce,item_1041,,fr
professeur(e),produces/does not produce,item_1042,,fr
soeur,produces/does not produce,item_1043,,fr
son propre nom,produces/does not produce,item_1044,,fr
tante/matante,produces/does not produce,item_1045,,fr
aller au magasin,produces/does not produce,item_1046,,fr
allô,produces/does not produce,item_1047,,fr
bain.1,produces/does not produce,item_1048,,fr
bonjour,produces/does not produce,item_1049,,fr
bonne nuit,produces/does not produce,item_1050,,fr
bravo!,produces/does not produce,item_1051,,fr
bye/au revoir,produces/does not produce,item_1052,,fr
chut,produces/does not produce,item_1053,,fr
collation,produces/does not produce,item_1054,,fr
coucou,produces/does not produce,item_1055,,fr
déjeuner,produces/does not produce,item_1056,,fr
dîner ,produces/does not produce,item_1057,,fr
dodo,produces/does not produce,item_1058,,fr
donne moi cinq/tape dedans,produces/does not produce,item_1059,,fr
faire caca/faire pipi,produces/does not produce,item_1060,,fr
faire le tour de la maison,produces/does not produce,item_1061,,fr
gros comme ça!,produces/does not produce,item_1062,,fr
je te tiens par la barbichette,produces/does not produce,item_1063,,fr
j'vais t'attraper,produces/does not produce,item_1064,,fr
menouche menouche,produces/does not produce,item_1065,,fr
merci,produces/does not produce,item_1066,,fr
non,produces/does not produce,item_1067,,fr
o.k.,produces/does not produce,item_1068,,fr
oui,produces/does not produce,item_1069,,fr
parler (au téléphone) ,produces/does not produce,item_1070,,fr
retourne-toi,produces/does not produce,item_1071,,fr
s'il-vous-plaît,produces/does not produce,item_1072,,fr
souper,produces/does not produce,item_1073,,fr
tape tape,produces/does not produce,item_1074,,fr
acheter,produces/does not produce,item_1075,,fr
aider,produces/does not produce,item_1076,,fr
aimer,produces/does not produce,item_1077,,fr
aller,produces/does not produce,item_1078,,fr
allumer,produces/does not produce,item_1079,,fr
amener,produces/does not produce,item_1080,,fr
applaudir,produces/does not produce,item_1081,,fr
apporter,produces/does not produce,item_1082,,fr
arrêter,produces/does not produce,item_1083,,fr
arroser,produces/does not produce,item_1084,,fr
asseoir,produces/does not produce,item_1085,,fr
attacher,produces/does not produce,item_1086,,fr
attendre,produces/does not produce,item_1087,,fr
attraper,produces/does not produce,item_1088,,fr
avoir,produces/does not produce,item_1089,,fr
balancer,produces/does not produce,item_1090,,fr
balayer,produces/does not produce,item_1091,,fr
bercer,produces/does not produce,item_1092,,fr
boire,produces/does not produce,item_1093,,fr
brasser,produces/does not produce,item_1094,,fr
briser/casser,produces/does not produce,item_1095,,fr
brosser,produces/does not produce,item_1096,,fr
cacher,produces/does not produce,item_1097,,fr
chanter,produces/does not produce,item_1098,,fr
chantouiller,produces/does not produce,item_1099,,fr
chercher,produces/does not produce,item_1100,,fr
choisir,produces/does not produce,item_1101,,fr
cogner (à),produces/does not produce,item_1102,,fr
coller,produces/does not produce,item_1103,,fr
conduire,produces/does not produce,item_1104,,fr
construire/bâtir,produces/does not produce,item_1105,,fr
couper,produces/does not produce,item_1106,,fr
courir,produces/does not produce,item_1107,,fr
couvrir,produces/does not produce,item_1108,,fr
cracher,produces/does not produce,item_1109,,fr
danser,produces/does not produce,item_1110,,fr
débarquer,produces/does not produce,item_1111,,fr
déchirer,produces/does not produce,item_1112,,fr
descendre,produces/does not produce,item_1113,,fr
dessiner,produces/does not produce,item_1114,,fr
dire,produces/does not produce,item_1115,,fr
donner,produces/does not produce,item_1116,,fr
dormir,produces/does not produce,item_1117,,fr
échapper,produces/does not produce,item_1118,,fr
écouter,produces/does not produce,item_1119,,fr
écrire,produces/does not produce,item_1120,,fr
embarquer,produces/does not produce,item_1121,,fr
embrasser,produces/does not produce,item_1122,,fr
enlever,produces/does not produce,item_1123,,fr
entendre,produces/does not produce,item_1124,,fr
essayer,produces/does not produce,item_1125,,fr
essuyer,produces/does not produce,item_1126,,fr
être,produces/does not produce,item_1127,,fr
faire,produces/does not produce,item_1128,,fr
fermer,produces/does not produce,item_1129,,fr
finir,produces/does not produce,item_1130,,fr
glisser,produces/does not produce,item_1131,,fr
goûter ,produces/does not produce,item_1132,,fr
grimper,produces/does not produce,item_1133,,fr
jeter,produces/does not produce,item_1134,,fr
jouer,produces/does not produce,item_1135,,fr
lancer,produces/does not produce,item_1136,,fr
laver,produces/does not produce,item_1137,,fr
lécher,produces/does not produce,item_1138,,fr
lire,produces/does not produce,item_1139,,fr
manger,produces/does not produce,item_1140,,fr
marcher,produces/does not produce,item_1141,,fr
mettre,produces/does not produce,item_1142,,fr
monter,produces/does not produce,item_1143,,fr
montrer,produces/does not produce,item_1144,,fr
mordre,produces/does not produce,item_1145,,fr
nager,produces/does not produce,item_1146,,fr
nettoyer,produces/does not produce,item_1147,,fr
ouvrir,produces/does not produce,item_1148,,fr
parler,produces/does not produce,item_1149,,fr
partager,produces/does not produce,item_1150,,fr
patiner,produces/does not produce,item_1151,,fr
peinturer,produces/does not produce,item_1152,,fr
penser,produces/does not produce,item_1153,,fr
pleurer,produces/does not produce,item_1154,,fr
pousser,produces/does not produce,item_1155,,fr
pouvoir,produces/does not produce,item_1156,,fr
prendre,produces/does not produce,item_1157,,fr
ramasser,produces/does not produce,item_1158,,fr
ranger,produces/does not produce,item_1159,,fr
regarder,produces/does not produce,item_1160,,fr
renverser,produces/does not produce,item_1161,,fr
réparer,produces/does not produce,item_1162,,fr
rester,produces/does not produce,item_1163,,fr
réveiller,produces/does not produce,item_1164,,fr
sauter,produces/does not produce,item_1165,,fr
sécher,produces/does not produce,item_1166,,fr
se dépêcher,produces/does not produce,item_1167,,fr
souffler,produces/does not produce,item_1168,,fr
sourire,produces/does not produce,item_1169,,fr
surveiller,produces/does not produce,item_1170,,fr
taper,produces/does not produce,item_1171,,fr
tenir,produces/does not produce,item_1172,,fr
tirer,produces/does not produce,item_1173,,fr
tomber,produces/does not produce,item_1174,,fr
toucher,produces/does not produce,item_1175,,fr
tourner,produces/does not produce,item_1176,,fr
transporter,produces/does not produce,item_1177,,fr
travailler,produces/does not produce,item_1178,,fr
trouver,produces/does not produce,item_1179,,fr
venir,produces/does not produce,item_1180,,fr
verser,produces/does not produce,item_1181,,fr
voir,produces/does not produce,item_1182,,fr
vouloir,produces/does not produce,item_1183,,fr
avoir (mal),produces/does not produce,item_1184,,fr
beau/belle,produces/does not produce,item_1185,,fr
bien,produces/does not produce,item_1186,,fr
blanc,produces/does not produce,item_1187,,fr
bleu,produces/does not produce,item_1188,,fr
bon,produces/does not produce,item_1189,,fr
brisé/cassé,produces/does not produce,item_1190,,fr
brun,produces/does not produce,item_1191,,fr
capable,produces/does not produce,item_1192,,fr
chaud,produces/does not produce,item_1193,,fr
collant,produces/does not produce,item_1194,,fr
content,produces/does not produce,item_1195,,fr
debout,produces/does not produce,item_1196,,fr
dégueulasse,produces/does not produce,item_1197,,fr
dernier,produces/does not produce,item_1198,,fr
doux,produces/does not produce,item_1199,,fr
dur,produces/does not produce,item_1200,,fr
endormi,produces/does not produce,item_1201,,fr
fâché,produces/does not produce,item_1202,,fr
faim,produces/does not produce,item_1203,,fr
fatigué,produces/does not produce,item_1204,,fr
fini,produces/does not produce,item_1205,,fr
fort,produces/does not produce,item_1206,,fr
froid,produces/does not produce,item_1207,,fr
gentil,produces/does not produce,item_1208,,fr
gros/grand,produces/does not produce,item_1209,,fr
haut,produces/does not produce,item_1210,,fr
jaune,produces/does not produce,item_1211,,fr
joli,produces/does not produce,item_1212,,fr
long.1,produces/does not produce,item_1213,,fr
lourd,produces/does not produce,item_1214,,fr
mal,produces/does not produce,item_1215,,fr
malade,produces/does not produce,item_1216,,fr
mieux,produces/does not produce,item_1217,,fr
mignon/cute,produces/does not produce,item_1218,,fr
mouillé,produces/does not produce,item_1219,,fr
noir,produces/does not produce,item_1220,,fr
nouveau,produces/does not produce,item_1221,,fr
orange.3,produces/does not produce,item_1222,,fr
parti,produces/does not produce,item_1223,,fr
pauvre,produces/does not produce,item_1224,,fr
petit,produces/does not produce,item_1225,,fr
peur,produces/does not produce,item_1226,,fr
plein,produces/does not produce,item_1227,,fr
premier,produces/does not produce,item_1228,,fr
pris,produces/does not produce,item_1229,,fr
propre,produces/does not produce,item_1230,,fr
réveillé,produces/does not produce,item_1231,,fr
rond,produces/does not produce,item_1232,,fr
rouge,produces/does not produce,item_1233,,fr
sale,produces/does not produce,item_1234,,fr
sec,produces/does not produce,item_1235,,fr
soif,produces/does not produce,item_1236,,fr
tannant/méchant,produces/does not produce,item_1237,,fr
tranquille,produces/does not produce,item_1238,,fr
triste/(avoir) peine,produces/does not produce,item_1239,,fr
vert,produces/does not produce,item_1240,,fr
vide,produces/does not produce,item_1241,,fr
vieux,produces/does not produce,item_1242,,fr
vite,produces/does not produce,item_1243,,fr
après,produces/does not produce,item_1244,,fr
aujourd'hui,produces/does not produce,item_1245,,fr
avant,produces/does not produce,item_1246,,fr
bientôt,produces/does not produce,item_1247,,fr
ce soir,produces/does not produce,item_1248,,fr
demain,produces/does not produce,item_1249,,fr
heure,produces/does not produce,item_1250,,fr
hier,produces/does not produce,item_1251,,fr
jour,produces/does not produce,item_1252,,fr
maintenant,produces/does not produce,item_1253,,fr
matin,produces/does not produce,item_1254,,fr
nuit,produces/does not produce,item_1255,,fr
plus tard,produces/does not produce,item_1256,,fr
tantôt,produces/does not produce,item_1257,,fr
tout à l'heure,produces/does not produce,item_1258,,fr
à eux,produces/does not produce,item_1259,,fr
à lui,produces/does not produce,item_1260,,fr
à moi,produces/does not produce,item_1261,,fr
à nous,produces/does not produce,item_1262,,fr
à toi,produces/does not produce,item_1263,,fr
à vous,produces/does not produce,item_1264,,fr
ça,produces/does not produce,item_1265,,fr
ce,produces/does not produce,item_1266,,fr
celui-là,produces/does not produce,item_1267,,fr
elle,produces/does not produce,item_1268,,fr
elles,produces/does not produce,item_1269,,fr
il,produces/does not produce,item_1270,,fr
ils,produces/does not produce,item_1271,,fr
je,produces/does not produce,item_1272,,fr
le mien,produces/does not produce,item_1273,,fr
le tien,produces/does not produce,item_1274,,fr
lui,produces/does not produce,item_1275,,fr
me.1,produces/does not produce,item_1276,,fr
moi,produces/does not produce,item_1277,,fr
mon,produces/does not produce,item_1278,,fr
nous,produces/does not produce,item_1279,,fr
nôtre/nos,produces/does not produce,item_1280,,fr
on.1,produces/does not produce,item_1281,,fr
son,produces/does not produce,item_1282,,fr
toi,produces/does not produce,item_1283,,fr
ton,produces/does not produce,item_1284,,fr
tu,produces/does not produce,item_1285,,fr
vous,produces/does not produce,item_1286,,fr
comment,produces/does not produce,item_1287,,fr
lequel/laquelle,produces/does not produce,item_1288,,fr
où,produces/does not produce,item_1289,,fr
pourquoi,produces/does not produce,item_1290,,fr
quand,produces/does not produce,item_1291,,fr
quel,produces/does not produce,item_1292,,fr
qui,produces/does not produce,item_1293,,fr
quoi,produces/does not produce,item_1294,,fr
à/au,produces/does not produce,item_1295,,fr
à côté de,produces/does not produce,item_1296,,fr
à terre/par terre,produces/does not produce,item_1297,,fr
au-dessus,produces/does not produce,item_1298,,fr
autour,produces/does not produce,item_1299,,fr
avec,produces/does not produce,item_1300,,fr
comme,produces/does not produce,item_1301,,fr
dans,produces/does not produce,item_1302,,fr
de,produces/does not produce,item_1303,,fr
de l'autre côté,produces/does not produce,item_1304,,fr
devant/en avant,produces/does not produce,item_1305,,fr
en,produces/does not produce,item_1306,,fr
en arrière,produces/does not produce,item_1307,,fr
en bas,produces/does not produce,item_1308,,fr
en dehors (de),produces/does not produce,item_1309,,fr
en haut,produces/does not produce,item_1310,,fr
ici,produces/does not produce,item_1311,,fr
là/là-bas,produces/does not produce,item_1312,,fr
loin,produces/does not produce,item_1313,,fr
par,produces/does not produce,item_1314,,fr
par-dessus,produces/does not produce,item_1315,,fr
pour.1,produces/does not produce,item_1316,,fr
sous/en dessous,produces/does not produce,item_1317,,fr
sur,produces/does not produce,item_1318,,fr
"y (par exemple, ""on y va"")",produces/does not produce,item_1319,,fr
autre,produces/does not produce,item_1320,,fr
beaucoup,produces/does not produce,item_1321,,fr
de/du,produces/does not produce,item_1322,,fr
des,produces/does not produce,item_1323,,fr
encore,produces/does not produce,item_1324,,fr
le/la,produces/does not produce,item_1325,,fr
même,produces/does not produce,item_1326,,fr
pareil,produces/does not produce,item_1327,,fr
pas,produces/does not produce,item_1328,,fr
plus,produces/does not produce,item_1329,,fr
plusieurs,produces/does not produce,item_1330,,fr
tout/toute,produces/does not produce,item_1331,,fr
trop,produces/does not produce,item_1332,,fr
un/une,produces/does not produce,item_1333,,fr
un autre,produces/does not produce,item_1334,,fr
un peu,produces/does not produce,item_1335,,fr
alors,produces/does not produce,item_1336,,fr
aussi,produces/does not produce,item_1337,,fr
et,produces/does not produce,item_1338,,fr
mais,produces/does not produce,item_1339,,fr
parce que,produces/does not produce,item_1340,,fr
puis,produces/does not produce,item_1341,,fr
si,produces/does not produce,item_1342,,fr
